 Welcome to Python.org  ,no link
(Python) 방과후교실- 파이썬 텍스트 게임만들기#1,https://m.blog.naver.com/nabilera1/222092092454
빅데이터 입문 : Python? R? Hadoop?,https://m.blog.naver.com/urmyver/222015686771
USB Logic Analyzer 및 Python을 통한 MEMS 가속도계의 자동화 테스트,https://m.blog.naver.com/elepartsblog/222015704138
코딩 입문자를 위한 파이썬(python)이야기_기초편,https://m.post.naver.com/viewer/postView.nhn?volumeNo=10330389&memberNo=10728965&vType=VERTICAL
백준(BOJ) 1271 - 엄청난 부자2 //[python] - 10의 1000승은 python으로 풀기,https://m.blog.naver.com/tlstjd436/222090404921
 Looking for a specific release? - Download Python | Python.org  ,no link
 Python - 나무위키  ,no link
 Our Documentation | Python.org  ,no link
 파이썬(스타크래프트) - 나무위키  ,no link
